{"cameraMode":{"drawMode":0,"name":"Shaded","section":"Shading Mode"},"sceneLighting":true,"audioPlay":false,"sceneViewState":{"showFog":true,"showMaterialUpdate":false,"showSkybox":true,"showFlares":true,"showImageEffects":true,"showParticleSystems":true},"in2DMode":false,"pivot":{"x":7.712579727172852,"y":1.7685149908065797,"z":-10.832758903503418},"rotation":{"x":-0.15968908369541169,"y":-0.14677685499191285,"z":0.024906063452363015,"w":-0.9760041236877441},"size":2.432724714279175,"orthographic":true}