{"cameraMode":{"drawMode":0,"name":"Shaded","section":"Shading Mode"},"sceneLighting":false,"audioPlay":false,"sceneViewState":{"showFog":true,"showMaterialUpdate":false,"showSkybox":false,"showFlares":true,"showImageEffects":true,"showParticleSystems":true},"in2DMode":false,"pivot":{"x":-0.0051498860120773319,"y":0.2846159338951111,"z":0.03904053568840027},"rotation":{"x":-0.11062925308942795,"y":0.3564339876174927,"z":-0.042555198073387149,"w":-0.92679363489151},"size":0.4955046772956848,"orthographic":true}